"title";"year";"language";"time in minutes";"scores (in %)";"genres"
"Tomb Raider";"2018";"English";"118";"62.0";"action,adventure,drama,thriller,mystery,fantasy"
"Thor: Ragnarok";"2017";"English";"130";"74.0";"action,adventure,science fiction,fantasy,comedy"
"Aage Ki Soch";"1988";"Hindi";"137";"30.0";"comedy"
"Guardians of the Galaxy";"2014";"English";"121";"79.0";"action,science fiction,adventure"
"Red Sparrow";"2018";"English";"140";"64.0";"mystery,thriller"
"Avengers: Infinity War";"2018";"English";"149";"85.0";"action,science fiction,adventure,fantasy"
"Star Wars: The Last Jedi";"2017";"English";"152";"71.0";"science fiction,adventure,fantasy"
"Death Wish";"2018";"English";"107";"55.0";"crime,action,thriller,drama"
"Jurassic World: Fallen Kingdom";"2018";"English";"128";"72.0";"action,science fiction,adventure"
"Meet Me In St. Gallen";"2018";"Tagalog";"94";"52.0";"romance,drama"
"Logan";"2017";"English";"137";"77.0";"action,science fiction,drama"
"Deadpool 2";"2018";"English";"119";"78.0";"action,science fiction,comedy"
"Jurassic World";"2015";"English";"124";"65.0";"action,science fiction,adventure,thriller"
"Black Panther";"2018";"English";"134";"73.0";"action,science fiction,adventure,fantasy"
"Love, Simon";"2018";"English";"110";"84.0";"romance,drama,comedy"
"Thor";"2011";"English";"115";"66.0";"action,adventure,fantasy"
"Wonder Woman";"2017";"English";"141";"72.0";"action,adventure,science fiction,fantasy,war"
"Solo: A Star Wars Story";"2018";"English";"135";"69.0";"action,science fiction,adventure"
"Fifty Shades Freed";"2018";"English";"105";"60.0";"romance,drama"
"Annihilation";"2018";"English";"115";"63.0";"mystery,science fiction,thriller,drama"
"Every Day";"2018";"English";"95";"69.0";"romance,drama,fantasy"
"Iron Man";"2008";"English";"126";"74.0";"action,science fiction,adventure"
"Star Wars: The Force Awakens";"2015";"English";"136";"74.0";"action,science fiction,adventure,fantasy"
"Death Wish";"2018";"English";"107";"55.0";"crime,action,thriller,drama"
"Thor: The Dark World";"2013";"English";"112";"67.0";"action,adventure,fantasy"
"Thor: Ragnarok";"2017";"English";"130";"74.0";"action,adventure,science fiction,fantasy,comedy"
"San Andreas";"2015";"English";"114";"60.0";"action,thriller,drama"
"Bright";"2017";"English";"117";"63.0";"crime,action,fantasy"
"Love, Simon";"2018";"English";"110";"84.0";"romance,drama,comedy"
"Justice League";"2017";"English";"120";"63.0";"action,science fiction,adventure,fantasy"
"X-Men: The Last Stand";"2006";"English";"104";"63.0";"action,science fiction,adventure,thriller"
"War for the Planet of the Apes";"2017";"English";"140";"69.0";"science fiction,war,drama"
"The Titan";"2018";"English";"97";"53.0";"science fiction,thriller"
"Wonder Woman";"2017";"English";"141";"72.0";"action,adventure,science fiction,fantasy,war"
"Dawn of the Planet of the Apes";"2014";"English";"130";"72.0";"action,science fiction,thriller,drama"
"Captain America: The First Avenger";"2011";"English";"124";"67.0";"action,science fiction,adventure"
"The Incredible Hulk";"2008";"English";"114";"61.0";"action,science fiction,adventure"
"Annihilation";"2018";"English";"115";"63.0";"mystery,science fiction,thriller,drama"
"Coco";"2017";"English";"105";"78.0";"animation"
"Annabelle: Creation";"2017";"English";"109";"64.0";"mystery,horror,thriller"
"Deadpool";"2016";"English";"108";"75.0";"action,adventure,comedy"
"Ready Player One";"2018";"English";"140";"78.0";"action,science fiction,adventure"
"A Quiet Place";"2018";"English";"95";"73.0";"science fiction,horror,thriller,drama"
"The Maze Runner";"2014";"English";"113";"70.0";"mystery,action,science fiction,thriller"
"Pitch Perfect 3";"2017";"English";"93";"64.0";"music,comedy"
"Jurassic World: Fallen Kingdom";"2018";"English";"128";"72.0";"action,science fiction,adventure"
"The Hobbit: The Battle of the Five Armies";"2014";"English";"144";"72.0";"action,adventure,fantasy"
"Den of Thieves";"2018";"English";"140";"64.0";"crime,action,thriller"
"Avengers: Infinity War";"2018";"English";"149";"85.0";"action,science fiction,adventure,fantasy"
"Star Wars: The Last Jedi";"2017";"English";"152";"71.0";"science fiction,adventure,fantasy"
"X-Men";"2000";"English";"104";"69.0";"action,science fiction,adventure"
"The Hurricane Heist";"2018";"English";"103";"53.0";"crime,action,thriller"
"Ant-Man";"2015";"English";"117";"70.0";"action,science fiction,adventure"
"Kingsman: The Golden Circle";"2017";"English";"141";"70.0";"action,adventure,comedy"
"Call Me by Your Name";"2017";"English";"132";"83.0";"romance,drama"
"Fifty Shades of Grey";"2015";"English";"125";"53.0";"thriller,romance,drama"
"Captain America: The Winter Soldier";"2014";"English";"136";"76.0";"action,science fiction,adventure"
"Blade Runner 2049";"2017";"English";"163";"73.0";"mystery,science fiction,thriller"
"Solo: A Star Wars Story";"2018";"English";"135";"69.0";"action,science fiction,adventure"
"Captain America: Civil War";"2016";"English";"147";"72.0";"action,science fiction,adventure"
"The Kissing Booth";"2018";"English";"105";"77.0";"romance,comedy"
"X-Men: Days of Future Past";"2014";"English";"131";"75.0";"action,science fiction,adventure,fantasy"
"Covet: The Island of Desire";"2017";"Korean";"81";"20.0";"romance,drama"
"Aage Ki Soch";"1988";"Hindi";"137";"30.0";"comedy"
"Gringo";"2018";"English";"110";"63.0";"crime,action,drama,comedy"
"Geostorm";"2017";"English";"109";"57.0";"action,science fiction,thriller"
"Pacific Rim: Uprising";"2018";"English";"111";"59.0";"action,science fiction,adventure,fantasy"
"Terminator Genisys";"2015";"English";"126";"58.0";"action,science fiction,adventure,thriller"
"Zootopia";"2016";"English";"108";"77.0";"family,adventure,comedy,animation"
"The Cloverfield Paradox";"2018";"English";"102";"57.0";"mystery,science fiction,horror,thriller"
"Everything, Everything";"2017";"English";"96";"72.0";"romance,drama"
"Avengers: Age of Ultron";"2015";"English";"141";"73.0";"action,science fiction,adventure"
"Jurassic World";"2015";"English";"124";"65.0";"action,science fiction,adventure,thriller"
"Red Sparrow";"2018";"English";"140";"64.0";"mystery,thriller"
"Deadpool 2";"2018";"English";"119";"78.0";"action,science fiction,comedy"
"The Commuter";"2018";"English";"104";"59.0";"action,thriller,drama,mystery,crime"
"The Avengers";"2012";"English";"143";"75.0";"action,science fiction,adventure"
"Black Panther";"2018";"English";"134";"73.0";"action,science fiction,adventure,fantasy"
"Rogue One: A Star Wars Story";"2016";"English";"133";"75.0";"action,science fiction,adventure"
"Lady Bird";"2017";"English";"94";"74.0";"drama,comedy"
"Spider-Man: Homecoming";"2017";"English";"133";"73.0";"action,adventure,drama,science fiction,comedy"
"Thor";"2011";"English";"115";"66.0";"action,adventure,fantasy"
"The Shape of Water";"2017";"English";"123";"73.0";"romance,drama,fantasy"
"Molly's Game";"2017";"English";"140";"71.0";"crime,drama"
"Game Night";"2018";"English";"100";"70.0";"mystery,crime,thriller,comedy"
"Kong: Skull Island";"2017";"English";"118";"63.0";"action,adventure,fantasy"
"Robby and Toby's Fantastic Voyager";"2016";"German";"106";"46.0";"family,adventure"
"Mission: Impossible - Rogue Nation";"2015";"English";"131";"71.0";"action,adventure,thriller"
"X-Men: First Class";"2011";"English";"132";"72.0";"action,science fiction,adventure"
"Fifty Shades Freed";"2018";"English";"105";"60.0";"romance,drama"
"X-Men: Apocalypse";"2016";"English";"144";"64.0";"action,science fiction,adventure,fantasy"
"Maze Runner: The Death Cure";"2018";"English";"142";"71.0";"action,adventure,thriller,mystery,science fiction,fantasy"
"Black Water";"2018";"English";"105";"47.0";"action,drama"
"Doctor Strange";"2016";"English";"115";"72.0";"action,science fiction,adventure,fantasy"
"A Wrinkle in Time";"2018";"English";"109";"52.0";"family,science fiction,adventure,fantasy"
"Three Billboards Outside Ebbing, Missouri";"2017";"English";"115";"82.0";"crime,drama"
"Tomb Raider";"2018";"English";"118";"62.0";"action,adventure,drama,thriller,mystery,fantasy"
"Edge of Tomorrow";"2014";"English";"113";"76.0";"action,science fiction"
"Guardians of the Galaxy";"2014";"English";"121";"79.0";"action,science fiction,adventure"
"Iron Man 2";"2010";"English";"124";"67.0";"action,science fiction,adventure"
"The Imitation Game";"2014";"English";"113";"80.0";"war,thriller,history,drama"
"Logan";"2017";"English";"137";"77.0";"action,science fiction,drama"
"Pirates of the Caribbean: Dead Men Tell No Tales";"2017";"English";"129";"65.0";"action,adventure,comedy,fantasy"
"Guardians of the Galaxy Vol. 2";"2017";"English";"137";"76.0";"action,science fiction,adventure,comedy"
"Fifty Shades Darker";"2017";"English";"118";"60.0";"romance,drama"
"The Amazing Spider-Man 2";"2014";"English";"142";"64.0";"action,adventure,fantasy"
"The Greatest Showman";"2017";"English";"105";"80.0";"music,drama"
"The Spearhead Effect";"2017";"English";"90";"75.0";"thriller"
"Kung Fu Panda 3";"2016";"English";"95";"66.0";"family,action,adventure,comedy,animation"
"Hercules";"2014";"English";"99";"56.0";"action,adventure"
"Mission: Impossible";"1996";"English";"110";"67.0";"action,adventure,thriller"
"RoboCop";"2014";"English";"102";"57.0";"action,science fiction"
"The Good Dinosaur";"2015";"English";"93";"67.0";"family,adventure,animation"
"To the Bone";"2017";"English";"107";"73.0";"drama"
"Whiplash";"2014";"English";"105";"83.0";"drama"
"Zootopia";"2016";"English";"108";"77.0";"family,adventure,comedy,animation"
"Lights Out";"2016";"English";"81";"63.0";"mystery,horror,thriller"
"Another Soul";"2018";"English";"78";"43.0";"horror,thriller"
"Return of the Jedi";"1983";"English";"135";"79.0";"action,science fiction,adventure"
"Avengers: Age of Ultron";"2015";"English";"141";"73.0";"action,science fiction,adventure"
"Inside Out";"2015";"English";"94";"79.0";"family,comedy,drama,animation"
"X-Men Origins: Wolverine";"2009";"English";"107";"62.0";"action,science fiction,adventure,thriller"
"Insidious: Chapter 3";"2015";"English";"97";"62.0";"horror,thriller,drama"
"Blade Runner";"1982";"English";"117";"79.0";"science fiction,thriller,drama"
"Ouija: Origin of Evil";"2016";"English";"99";"59.0";"horror,thriller"
"Future World";"2018";"English";"88";"52.0";"science fiction"
"The Commuter";"2018";"English";"104";"59.0";"action,thriller,drama,mystery,crime"
"Covet: The Island of Desire";"2017";"Korean";"81";"20.0";"romance,drama"
"Fantastic Beasts and Where to Find Them";"2016";"English";"133";"73.0";"family,adventure,fantasy"
"Spider-Man 3";"2007";"English";"139";"60.0";"action,adventure,fantasy"
"Jimi Hendrix: Electric Church";"2015";"English";"89";"73.0";"music,documentary"
"The Shape of Water";"2017";"English";"123";"73.0";"romance,drama,fantasy"
"Kong: Skull Island";"2017";"English";"118";"63.0";"action,adventure,fantasy"
"Terminator Salvation";"2009";"English";"115";"59.0";"action,science fiction,thriller"
"Spectre";"2015";"English";"148";"63.0";"crime,action,adventure"
"Black Water";"2018";"English";"105";"47.0";"action,drama"
"Murder on the Orient Express";"2017";"English";"114";"67.0";"crime,mystery,drama"
"King Arthur: Legend of the Sword";"2017";"English";"126";"65.0";"action,drama,fantasy"
"Mission: Impossible - Ghost Protocol";"2011";"English";"133";"68.0";"action,adventure,thriller"
"Ibiza";"2018";"English";"94";"59.0";"romance,comedy"
"Star Trek";"2009";"English";"127";"74.0";"action,science fiction,adventure"
"Edge of Tomorrow";"2014";"English";"113";"76.0";"action,science fiction"
"Valerian and the City of a Thousand Planets";"2017";"English";"136";"66.0";"action,science fiction,adventure"
"Star Wars: Episode II - Attack of the Clones";"2002";"English";"142";"64.0";"action,science fiction,adventure"
"Iron Man 3";"2013";"English";"130";"68.0";"action,science fiction,adventure"
"Annabelle";"2014";"English";"99";"55.0";"horror"
"Pirates of the Caribbean: Dead Man's Chest";"2006";"English";"151";"71.0";"action,adventure,fantasy"
"Amityville: The Awakening";"2017";"English";"85";"52.0";"horror,thriller"
"Gone Girl";"2014";"English";"145";"79.0";"mystery,drama,thriller"
"The Hitman's Bodyguard";"2017";"English";"118";"67.0";"action,comedy"
"Rip Tide";"2017";"English";"0";"59.0";"family,drama"
"Shortwave";"2016";"English";"85";"53.0";"science fiction,thriller"
"Guardians of the Galaxy Vol. 2";"2017";"English";"137";"76.0";"action,science fiction,adventure,comedy"
"Loving Ibiza";"2013";"Dutch; Flemish";"117";"50.0";"romance,comedy"
"Rise of the Planet of the Apes";"2011";"English";"105";"71.0";"action,science fiction,drama,thriller"
"A Wrinkle in Time";"2018";"English";"109";"52.0";"family,science fiction,adventure,fantasy"
"Transformers: Revenge of the Fallen";"2009";"English";"150";"60.0";"action,science fiction,adventure"
"#realityhigh";"2017";"English";"99";"64.0";"comedy"
"Fantastic Four";"2015";"English";"100";"44.0";"action,science fiction,adventure"
"Cloverfield";"2008";"English";"85";"65.0";"action,science fiction,thriller"
"Molly's Game";"2017";"English";"140";"71.0";"crime,drama"
"Spy";"2015";"English";"120";"68.0";"crime,action,comedy"
"Batman Begins";"2005";"English";"140";"75.0";"crime,action,drama"
"1922";"2017";"English";"101";"60.0";"thriller,drama,mystery,crime,horror"
"The Wolverine";"2013";"English";"126";"63.0";"action,science fiction,adventure,fantasy"
"The Hobbit: The Desolation of Smaug";"2013";"English";"161";"75.0";"adventure,fantasy"
"Star Wars: The Force Awakens";"2015";"English";"136";"74.0";"action,science fiction,adventure,fantasy"
"The Jungle Book";"2016";"English";"106";"68.0";"family,adventure,drama,fantasy,animation"
"Forever My Girl";"2018";"English";"104";"72.0";"romance,music,drama"
"The Hunger Games: Catching Fire";"2013";"English";"146";"74.0";"action,science fiction,adventure"
"San Andreas";"2015";"English";"114";"60.0";"action,thriller,drama"
"The Titan";"2018";"English";"97";"53.0";"science fiction,thriller"
"Twilight";"2008";"English";"122";"58.0";"adventure,romance,drama,fantasy"
"Ender's Game";"2013";"English";"114";"66.0";"action,science fiction,adventure"
"Power Rangers";"2017";"English";"124";"63.0";"action,science fiction,adventure"
"War for the Planet of the Apes";"2017";"English";"140";"69.0";"science fiction,war,drama"
"Life";"2017";"English";"103";"63.0";"science fiction,horror,drama,thriller"
"The Twilight Saga: Breaking Dawn - Part 2";"2012";"English";"115";"61.0";"adventure,romance,drama,fantasy"
"The Dark Tower";"2017";"English";"95";"56.0";"action,western,science fiction,fantasy,horror"
"The Hobbit: An Unexpected Journey";"2012";"English";"169";"71.0";"action,adventure,fantasy"
"The Empire Strikes Back";"1980";"English";"124";"83.0";"action,science fiction,adventure"
"12 Strong";"2018";"English";"130";"49.0";"war,history,drama"
"Mission: Impossible II";"2000";"English";"123";"59.0";"action,adventure,thriller"
"In Darkness";"2018";"English";"100";"64.0";"thriller"
"Status Update";"2018";"English";"106";"69.0";"science fiction,comedy,fantasy"
"Den of Thieves";"2018";"English";"140";"64.0";"crime,action,thriller"
"Josie";"2018";"English";"87";"57.0";"drama,thriller"
"Divergent";"2014";"English";"139";"68.0";"action,science fiction,adventure"
"Insidious: The Last Key";"2018";"English";"118";"60.0";"mystery,horror,thriller"
"The Ritual";"2017";"English";"94";"60.0";"horror"
"Island Zero";"2018";"English";"80";"45.0";"horror"
"Run All Night";"2015";"English";"114";"63.0";"action,thriller,drama,mystery,crime"
"Annabelle: Creation";"2017";"English";"109";"64.0";"mystery,horror,thriller"
"Baby Driver";"2017";"English";"113";"74.0";"crime,action"
"Fifty Shades Darker";"2017";"English";"118";"60.0";"romance,drama"
"Iron Man";"2008";"English";"126";"74.0";"action,science fiction,adventure"
"Hostiles";"2017";"English";"134";"64.0";"western,history,drama"
"Fantastic Four";"2005";"English";"106";"56.0";"action,science fiction,adventure,fantasy"
"Rampage";"2018";"English";"107";"59.0";"action,science fiction,adventure"
"Mom and Dad";"2017";"English";"83";"53.0";"horror,comedy,thriller"
"Star Wars: Episode III - Revenge of the Sith";"2005";"English";"140";"72.0";"action,science fiction,adventure"
"Thor: The Dark World";"2013";"English";"112";"67.0";"action,adventure,fantasy"
"American Assassin";"2017";"English";"111";"61.0";"action,thriller"
"Deadpool";"2016";"English";"108";"75.0";"action,adventure,comedy"
"Pitch Perfect 2";"2015";"English";"115";"68.0";"music,comedy"
"Blockers";"2018";"English";"102";"63.0";"comedy"
"Birdman";"2014";"English";"119";"74.0";"comedy,drama"
"The Grand Budapest Hotel";"2014";"English";"99";"80.0";"drama,comedy"
"Justice League";"2017";"English";"120";"63.0";"action,science fiction,adventure,fantasy"
"The Foreigner";"2017";"English";"113";"68.0";"action,drama,thriller"
"Finding Dory";"2016";"English";"97";"69.0";"family,adventure,comedy,animation"
"Frozen";"2013";"English";"102";"73.0";"family,adventure,animation"
"Cargo";"2018";"English";"105";"64.0";"thriller,drama"
"Transformers";"2007";"English";"144";"66.0";"action,science fiction,adventure"
"Delirium";"2018";"English";"0";"60.0";"horror,thriller"
"You Get Me";"2017";"English";"89";"55.0";"romance,drama,thriller"
"Fury";"2014";"English";"135";"74.0";"action,war,drama"
"The Hobbit: The Battle of the Five Armies";"2014";"English";"144";"72.0";"action,adventure,fantasy"
"Iceman 2";"2018";"Cantonese";"95";"44.0";"action,history,comedy"
"Ant-Man";"2015";"English";"117";"70.0";"action,science fiction,adventure"
"X-Men";"2000";"English";"104";"69.0";"action,science fiction,adventure"
"Furious 7";"2015";"English";"137";"72.0";"crime,action,drama,thriller"
"Winchester";"2018";"English";"99";"59.0";"mystery,horror,thriller,fantasy"
"The Man from U.N.C.L.E.";"2015";"English";"116";"71.0";"action,adventure,comedy"
"Kingsman: The Golden Circle";"2017";"English";"141";"70.0";"action,adventure,comedy"
"Dude";"2018";"English";"90";"56.0";"comedy"
"Maze Runner: The Scorch Trials";"2015";"English";"132";"65.0";"action,science fiction,thriller"
"Tomorrowland";"2015";"English";"130";"61.0";"mystery,family,science fiction,adventure"
"Blade Runner 2049";"2017";"English";"163";"73.0";"mystery,science fiction,thriller"
"The Secret Life of Pets";"2016";"English";"87";"60.0";"family,adventure,comedy,animation"
"The Cured";"2018";"English";"95";"62.0";"science fiction,horror,drama"
"Alex & The List";"2018";"English";"112";"66.0";"romance,comedy"
"The Amazing Spider-Man";"2012";"English";"136";"65.0";"action,adventure,fantasy"
"Captain America: Civil War";"2016";"English";"147";"72.0";"action,science fiction,adventure"
"All the Money in the World";"2017";"English";"132";"63.0";"crime,mystery,drama,thriller"
"Fantastic 4: Rise of the Silver Surfer";"2007";"English";"92";"54.0";"action,adventure,thriller,fantasy"
"Rough Night";"2017";"English";"101";"55.0";"comedy,drama"
"A Quiet Place";"2018";"English";"95";"73.0";"science fiction,horror,thriller,drama"
"X-Men: Days of Future Past";"2014";"English";"131";"75.0";"action,science fiction,adventure,fantasy"
"When We First Met";"2018";"English";"97";"66.0";"romance,comedy,fantasy"
"Downsizing";"2017";"English";"135";"51.0";"science fiction,drama,comedy"
"Pirates of the Caribbean: At World's End";"2007";"English";"169";"70.0";"action,adventure,fantasy"
"Pixels";"2015";"English";"105";"56.0";"action,science fiction,comedy"
"Star Trek Beyond";"2016";"English";"122";"66.0";"action,science fiction,adventure"
"The Mountain Between Us";"2017";"English";"109";"65.0";"romance,adventure,drama"
"The Hunger Games: Mockingjay - Part 1";"2014";"English";"123";"67.0";"science fiction,adventure,thriller"
"The Dark Knight Rises";"2012";"English";"165";"76.0";"crime,action,thriller,drama"
"Gringo";"2018";"English";"110";"63.0";"crime,action,drama,comedy"
"The DUFF";"2015";"English";"100";"67.0";"romance,comedy"
"Pacific Rim: Uprising";"2018";"English";"111";"59.0";"action,science fiction,adventure,fantasy"
"Darkest Hour";"2017";"English";"125";"72.0";"history,drama"
"Wonder";"2017";"English";"113";"82.0";"family,drama"
"The Tale";"2018";"English";"114";"83.0";"mystery,thriller,drama"
"Braven";"2018";"English";"94";"62.0";"action,drama"
"Flatliners";"2017";"English";"110";"56.0";"science fiction,drama"
"Suicide Squad";"2016";"English";"124";"59.0";"action,adventure,science fiction,fantasy,crime"
"Ghost in the Shell";"2017";"English";"107";"59.0";"action,science fiction,drama,thriller"
"The Lord of the Rings: The Fellowship of the Ring";"2001";"English";"178";"82.0";"action,adventure,fantasy"
"Samson";"2018";"English";"110";"59.0";"action,adventure,drama"
"The Maze Runner";"2014";"English";"113";"70.0";"mystery,action,science fiction,thriller"
"The Avengers";"2012";"English";"143";"75.0";"action,science fiction,adventure"
"American Sniper";"2014";"English";"133";"74.0";"action,war"
"Rogue One: A Star Wars Story";"2016";"English";"133";"75.0";"action,science fiction,adventure"
"Hulk";"2003";"English";"138";"53.0";"action,science fiction,drama"
"Lady Bird";"2017";"English";"94";"74.0";"drama,comedy"
"Chappie";"2015";"English";"120";"67.0";"crime,action,science fiction"
"Game Night";"2018";"English";"100";"70.0";"mystery,crime,thriller,comedy"
"Mission: Impossible - Rogue Nation";"2015";"English";"131";"71.0";"action,adventure,thriller"
"X-Men: Apocalypse";"2016";"English";"144";"64.0";"action,science fiction,adventure,fantasy"
"Doctor Strange";"2016";"English";"115";"72.0";"action,science fiction,adventure,fantasy"
"Pitch Perfect 3";"2017";"English";"93";"64.0";"music,comedy"
"The Lord of the Rings: The Two Towers";"2002";"English";"179";"81.0";"action,adventure,fantasy"
"Spinning Man";"2018";"English";"100";"57.0";"mystery,drama,thriller"
"Three Billboards Outside Ebbing, Missouri";"2017";"English";"115";"82.0";"crime,drama"
"Spider-Man";"2002";"English";"121";"69.0";"action,fantasy"
"Nostalgia";"2018";"English";"115";"68.0";"drama"
"Mission: Impossible III";"2006";"English";"126";"65.0";"action,adventure,thriller"
"The Imitation Game";"2014";"English";"113";"80.0";"war,thriller,history,drama"
"John Wick";"2014";"English";"101";"70.0";"action,thriller"
"Warcraft";"2016";"English";"123";"63.0";"action,adventure,animation,fantasy"
"The Conjuring 2";"2016";"English";"134";"71.0";"mystery,horror,thriller"
"10 Cloverfield Lane";"2016";"English";"103";"69.0";"science fiction,drama,thriller"
"Pirates of the Caribbean: Dead Men Tell No Tales";"2017";"English";"129";"65.0";"action,adventure,comedy,fantasy"
"Fifty Shades of Grey";"2015";"English";"125";"53.0";"thriller,romance,drama"
"Star Wars";"1977";"English";"121";"81.0";"action,science fiction,adventure"
"The Amazing Spider-Man 2";"2014";"English";"142";"64.0";"action,adventure,fantasy"
"How to Be Single";"2016";"English";"110";"60.0";"romance,comedy"
"Elysium";"2013";"English";"109";"64.0";"action,science fiction,thriller,drama"
"Transformers: The Last Knight";"2017";"English";"149";"60.0";"action,science fiction,adventure,thriller"
"Teenage Mutant Ninja Turtles";"2014";"English";"101";"58.0";"action,adventure,science fiction,fantasy,comedy"
"Star Wars: Episode I - The Phantom Menace";"1999";"English";"136";"64.0";"action,science fiction,adventure"
"Alien: Covenant";"2017";"English";"122";"58.0";"science fiction,horror,thriller"
"Pirates of the Caribbean: On Stranger Tides";"2011";"English";"136";"64.0";"action,adventure,fantasy"
"Harry Potter and the Philosopher's Stone";"2001";"English";"152";"77.0";"family,adventure,fantasy"
"Jumanji: Welcome to the Jungle";"2017";"English";"119";"66.0";"action,adventure,comedy,fantasy"
"The Kissing Booth";"2018";"English";"105";"77.0";"romance,comedy"
"The Theory of Everything";"2014";"English";"123";"79.0";"romance,drama"
"Geostorm";"2017";"English";"109";"57.0";"action,science fiction,thriller"
"Terminator Genisys";"2015";"English";"126";"58.0";"action,science fiction,adventure,thriller"
"The Cloverfield Paradox";"2018";"English";"102";"57.0";"mystery,science fiction,horror,thriller"
"Ready Player One";"2018";"English";"140";"78.0";"action,science fiction,adventure"
"Everything, Everything";"2017";"English";"96";"72.0";"romance,drama"
"The Disaster Artist";"2017";"English";"104";"72.0";"history,drama,comedy"
"Don't Talk to Irene";"2017";"English";"90";"68.0";""
"The Post";"2018";"English";"116";"70.0";"history,drama"
"Wish Upon";"2017";"English";"90";"54.0";"horror,thriller,fantasy"
"Pirates of the Caribbean: The Curse of the Black Pearl";"2003";"English";"143";"76.0";"action,adventure,fantasy"
"I, Tonya";"2017";"English";"120";"75.0";"drama"
"The Twilight Saga: Eclipse";"2010";"English";"124";"59.0";"adventure,romance,drama,fantasy"
"The Mummy";"2017";"English";"110";"54.0";"action,adventure,thriller,fantasy,horror"
"Dunkirk";"2017";"English";"107";"74.0";"action,history,thriller,drama,war"
"Taken 3";"2014";"English";"109";"61.0";"action,thriller"
"I Kill Giants";"2018";"English";"106";"62.0";"drama,fantasy"
"Spider-Man: Homecoming";"2017";"English";"133";"73.0";"action,adventure,drama,science fiction,comedy"
"Lucy";"2014";"English";"89";"62.0";"action,science fiction"
"Transformers: Dark of the Moon";"2011";"English";"154";"60.0";"action,science fiction,adventure"
"Robby and Toby's Fantastic Voyager";"2016";"German";"106";"46.0";"family,adventure"
"X-Men: First Class";"2011";"English";"132";"72.0";"action,science fiction,adventure"
"Maze Runner: The Death Cure";"2018";"English";"142";"71.0";"action,adventure,thriller,mystery,science fiction,fantasy"
"Love, Rosie";"2014";"English";"102";"78.0";"romance,comedy"
"Kingsman: The Secret Service";"2015";"English";"129";"76.0";"crime,action,adventure,comedy"
"Heartbeats";"2017";"English";"110";"63.0";"romance,music"
"Spider-Man 2";"2004";"English";"127";"68.0";"action,adventure,fantasy"
"Iron Man 2";"2010";"English";"124";"67.0";"action,science fiction,adventure"
"Unsane";"2018";"English";"98";"62.0";"horror,thriller"
"The Hunger Games: Mockingjay - Part 2";"2015";"English";"137";"67.0";"action,science fiction,adventure"
"Hitman: Agent 47";"2015";"English";"96";"56.0";"crime,action,thriller"
"If I Stay";"2014";"English";"106";"73.0";"drama"
"Living Among Us";"2018";"English";"87";"56.0";"science fiction,horror,thriller,fantasy"
"The Twilight Saga: New Moon";"2009";"English";"130";"56.0";"adventure,romance,drama,fantasy"
"Godzilla";"2014";"English";"123";"61.0";"action,science fiction,drama"
"Terminal";"2018";"English";"90";"56.0";"crime,drama,thriller"
"The Florida Project";"2017";"English";"111";"74.0";"drama"
"Transformers: Age of Extinction";"2014";"English";"165";"58.0";"action,science fiction,adventure"
"The Greatest Showman";"2017";"English";"105";"80.0";"music,drama"
"Every Day";"2018";"English";"95";"69.0";"romance,drama,fantasy"
"One More Time";"2016";"English";"98";"51.0";"music,drama,comedy"
"Insurgent";"2015";"English";"119";"62.0";"action,science fiction,adventure,thriller"
"The Fault in Our Stars";"2014";"English";"125";"76.0";"romance,drama"
"Maleficent";"2014";"English";"97";"70.0";"family,action,adventure,romance,fantasy"
"The Twilight Saga: Breaking Dawn - Part 1";"2011";"English";"117";"58.0";"adventure,romance,fantasy"
"Terminator 3: Rise of the Machines";"2003";"English";"109";"59.0";"action,science fiction,thriller"
"Bright";"2017";"English";"117";"63.0";"crime,action,fantasy"
"Dirty Dead Con Men";"2018";"English";"85";"44.0";"crime,action,drama"
"Dawn of the Planet of the Apes";"2014";"English";"130";"72.0";"action,science fiction,thriller,drama"
"Captain America: The First Avenger";"2011";"English";"124";"67.0";"action,science fiction,adventure"
"The Incredible Hulk";"2008";"English";"114";"61.0";"action,science fiction,adventure"
"Nightcrawler";"2014";"English";"117";"77.0";"crime,thriller,drama"
"Coco";"2017";"English";"105";"78.0";"animation"
"The Great Wall";"2016";"English";"103";"58.0";"action,adventure,fantasy"
"Pitch Perfect";"2012";"English";"112";"73.0";"romance,music,comedy"
"Big Hero 6";"2014";"English";"102";"77.0";"family,action,adventure,comedy,animation"
"Batman v Superman: Dawn of Justice";"2016";"English";"151";"58.0";"action,adventure,fantasy"
"Just a Breath Away";"2018";"French";"90";"61.0";"science fiction"
"The Hurricane Heist";"2018";"English";"103";"53.0";"crime,action,thriller"
"Phantom Thread";"2017";"English";"130";"73.0";"romance,drama"
"Mute";"2018";"English";"126";"55.0";"mystery,science fiction,thriller"
"Before I Fall";"2017";"English";"98";"68.0";"mystery,thriller,drama"
"Jurassic Park";"1993";"English";"127";"77.0";"science fiction,adventure"
"A Bad Moms Christmas";"2017";"English";"104";"62.0";"comedy"
"Me Before You";"2016";"English";"110";"76.0";"romance,drama"
"Oblivion";"2013";"English";"124";"65.0";"mystery,action,science fiction,adventure"
"Call Me by Your Name";"2017";"English";"132";"83.0";"romance,drama"
"Captain America: The Winter Soldier";"2014";"English";"136";"76.0";"action,science fiction,adventure"
"Avengers Grimm: Time Wars";"2018";"English";"88";"50.0";"action,adventure,fantasy"
"Anon";"2018";"English";"100";"58.0";"science fiction,thriller"
"12 Strong";"2018";"English";"130";"49.0";"war,history,drama"
"Road to Paloma";"2014";"English";"91";"60.0";"drama,thriller"
"Josie";"2018";"English";"87";"57.0";"drama,thriller"
"Divergent";"2014";"English";"139";"68.0";"action,science fiction,adventure"
"Go for It!";"2011";"English";"105";"56.0";"family,drama"
"Poltergeist";"2015";"English";"93";"50.0";"horror,thriller"
"Timboektoe";"2007";"English";"104";"74.0";"family,romance"
"Hellboy II: The Golden Army";"2008";"English";"120";"66.0";"science fiction,adventure,fantasy"
"Paper Towns";"2015";"English";"109";"61.0";"mystery,romance,drama"
"Island Zero";"2018";"English";"80";"45.0";"horror"
"We've Forgotten More Than We Ever Knew";"2017";"English";"0";"62.0";"science fiction,drama"
"Run All Night";"2015";"English";"114";"63.0";"action,thriller,drama,mystery,crime"
"Tuscan Wedding";"2014";"Dutch; Flemish";"0";"57.0";"romance,comedy"
"Braven";"2018";"English";"94";"62.0";"action,drama"
"The Rizen";"2017";"English";"94";"42.0";"action,science fiction,horror"
"Unbroken";"2014";"English";"137";"74.0";"war,drama"
"The Lord of the Rings: The Two Towers";"2002";"English";"179";"81.0";"action,adventure,fantasy"
"Keeping Up with the Joneses";"2016";"English";"105";"59.0";"action,comedy"
"Spider-Man";"2002";"English";"121";"69.0";"action,fantasy"
"Okja";"2017";"English";"122";"76.0";"science fiction,adventure,drama,fantasy"
"Headgame";"2018";"English";"92";"36.0";"horror"
"Men in Black";"1997";"English";"98";"69.0";"action,science fiction,adventure,comedy"
"The Open House";"2018";"English";"94";"37.0";"thriller"
"'Tis the Season for Love";"2015";"English";"84";"58.0";"tv movie,romance"
"Ravenous";"2017";"French";"104";"57.0";"horror,drama"
"Dirty Grandpa";"2016";"English";"102";"57.0";"comedy"
"Primal Rage: The Legend of Oh-Mah";"2018";"English";"106";"55.0";"horror"
"Apocalypse Now";"1979";"English";"147";"81.0";"war,drama"
"Gerald's Game";"2017";"English";"103";"65.0";"horror,thriller,drama"
"American Assassin";"2017";"English";"111";"61.0";"action,thriller"
"Chasing Ghosts";"2014";"English";"93";"67.0";"family,drama,comedy"
"Snow White and the Huntsman";"2012";"English";"127";"58.0";"adventure,drama,fantasy"
"Miss Peregrine's Home for Peculiar Children";"2016";"English";"127";"66.0";"family,adventure,drama,fantasy"
"A Cure for Wellness";"2017";"English";"146";"61.0";"mystery,science fiction,horror,thriller"
"Iceman 2";"2018";"Cantonese";"95";"44.0";"action,history,comedy"
"Tehran Taboo";"2017";"Persian";"96";"74.0";"drama,animation"
"Harry Potter and the Goblet of Fire";"2005";"English";"157";"76.0";"family,adventure,fantasy"
"Tragedy Girls";"2017";"English";"98";"56.0";"horror,comedy"
"The Fast and the Furious: Tokyo Drift";"2006";"English";"104";"61.0";"crime,action,thriller,drama"
"The Room";"2003";"English";"99";"42.0";"romance,drama"
"Dawning of the Dead";"2017";"English";"105";"40.0";"horror"
"The Lost World: Jurassic Park";"1997";"English";"129";"63.0";"action,science fiction,adventure"
"Logan Lucky";"2017";"English";"119";"66.0";"crime,action,drama,comedy"
"Mission: Impossible II";"2000";"English";"123";"59.0";"action,adventure,thriller"
"The Darkest Dawn";"2016";"English";"76";"37.0";"science fiction"
"TRON: Legacy";"2010";"English";"125";"63.0";"action,science fiction,adventure"
"Taken 2";"2012";"English";"91";"61.0";"crime,action,thriller"
"Star Trek Beyond";"2016";"English";"122";"66.0";"action,science fiction,adventure"
"Habit";"2017";"English";"90";"66.0";"horror"
"Samson";"2018";"English";"110";"59.0";"action,adventure,drama"
"Wildling";"2018";"English";"92";"59.0";"thriller,drama,fantasy"
"Fargo";"1996";"English";"98";"78.0";"crime,thriller,drama"
"Moana";"2016";"English";"107";"74.0";"family,adventure,comedy,animation"
"Beyond the Woods";"2018";"English";"84";"47.0";"horror"
"Fahrenheit 451";"2018";"English";"100";"57.0";"science fiction,tv movie,drama"
"Indiana Jones and the Temple of Doom";"1984";"English";"118";"71.0";"action,adventure"
"What Happened to Monday";"2017";"English";"123";"72.0";"science fiction,drama,thriller"
"Dirty Dead Con Men";"2018";"English";"85";"44.0";"crime,action,drama"
"Travellers";"2011";"English";"84";"53.0";"thriller"
"John Carter";"2012";"English";"132";"61.0";"action,science fiction,adventure"
"Midnight Special";"2016";"English";"112";"63.0";"science fiction,adventure,drama"
"Hotel Transylvania 2";"2015";"English";"89";"66.0";"fantasy,family,comedy,animation"
"Anon";"2018";"English";"100";"58.0";"science fiction,thriller"
"Raiders of the Lost Ark";"1981";"English";"115";"78.0";"action,adventure"
"Dumped";"2018";"French";"95";"68.0";"comedy"
"Unlocked";"2017";"English";"98";"62.0";"action,thriller"
"Anonymous 616";"2018";"English";"80";"56.0";"horror,thriller"
"Blood Lust";"2016";"English";"74";"46.0";"mystery,horror"
"Crazy Famous";"2017";"English";"78";"58.0";"action,tv movie,comedy"
"Locked Up";"2017";"English";"90";"53.0";"crime,drama,thriller"
"Homefront";"2013";"English";"100";"64.0";"action,thriller"
"Aliens";"1986";"English";"137";"78.0";"action,science fiction,horror,thriller"
"Riddick";"2013";"English";"119";"62.0";"action,science fiction,thriller"
"The Guernsey Literary and Potato Peel Pie Society";"2018";"English";"124";"70.0";"romance,drama"
"Somebody Up There Likes Me";"2013";"English";"76";"55.0";"comedy"
"Maze Runner: The Scorch Trials";"2015";"English";"132";"65.0";"action,science fiction,thriller"
"Men in the City";"2013";"Dutch; Flemish";"97";"50.0";"romance,comedy"
"Now You See Me 2";"2016";"English";"129";"67.0";"action,adventure,thriller,mystery,crime,comedy"
"Jason Bourne";"2016";"English";"123";"60.0";"action,thriller"
"Doctor Who: Shada";"2017";"English";"137";"75.0";"science fiction"
"You Were Never Really Here";"2017";"English";"89";"64.0";"crime,thriller,drama"
"Wish Upon";"2017";"English";"90";"54.0";"horror,thriller,fantasy"
"The Chronicles of Narnia: The Lion, the Witch and the Wardrobe";"2005";"English";"143";"68.0";"family,adventure,fantasy"
"Framed By My Fianc√©";"2017";"English";"83";"83.0";"thriller"
"Nerve";"2016";"English";"96";"71.0";"mystery,crime,adventure"
"Scorched Earth";"2018";"English";"93";"53.0";"action,science fiction"
"Delirium";"2018";"English";"0";"60.0";"horror,thriller"
"28 Weeks Later";"2007";"English";"100";"65.0";"science fiction,horror,thriller"
"Zodiac";"2007";"English";"157";"73.0";"crime,mystery,thriller,drama"
"Cult of Chucky";"2017";"English";"91";"51.0";"horror,thriller"
"Heartbeats";"2017";"English";"110";"63.0";"romance,music"
"The Hunger Games: Mockingjay - Part 2";"2015";"English";"137";"67.0";"action,science fiction,adventure"
"Unsane";"2018";"English";"98";"62.0";"horror,thriller"
"Blood Road";"2017";"English";"96";"75.0";"documentary"
"Green Room";"2016";"English";"95";"68.0";"crime,horror,thriller"
"Men in Black II";"2002";"English";"88";"61.0";"action,science fiction,adventure,comedy"
"Retina";"2017";"English";"87";"63.0";"thriller,drama"
"The DUFF";"2015";"English";"100";"67.0";"romance,comedy"
"If I Stay";"2014";"English";"106";"73.0";"drama"
"Happy Anniversary";"2018";"English";"78";"59.0";"romance,comedy"
"Transformers: Age of Extinction";"2014";"English";"165";"58.0";"action,science fiction,adventure"
"One More Time";"2016";"English";"98";"51.0";"music,drama,comedy"
"The Angry Birds Movie";"2016";"English";"97";"60.0";"animation"
"Life of the Party";"2018";"English";"105";"61.0";"comedy"
"Backstabbing for Beginners";"2018";"English";"108";"64.0";"thriller"
"Passengers";"2016";"English";"116";"68.0";"science fiction,romance,drama"
"Her";"2013";"English";"126";"79.0";"science fiction,romance,drama"
"Naomi and Ely's No Kiss List";"2015";"English";"89";"59.0";"romance,drama,comedy"
"The Creep Behind the Camera";"2015";"English";"111";"60.0";"drama,comedy,documentary"
"Bridge of Spies";"2015";"English";"141";"72.0";"drama,thriller"
"Pete's Dragon";"2016";"English";"102";"63.0";"family,adventure,fantasy"
"District 9";"2009";"English";"112";"73.0";"science fiction"
"Allegiant";"2016";"English";"121";"59.0";"mystery,action,science fiction,adventure"
"The Breakup Girl";"2015";"English";"90";"50.0";"drama,comedy"
"The Perks of Being a Wallflower";"2012";"English";"102";"77.0";"drama"
"The Great Wall";"2016";"English";"103";"58.0";"action,adventure,fantasy"
"Pitch Perfect";"2012";"English";"112";"73.0";"romance,music,comedy"
"Mute";"2018";"English";"126";"55.0";"mystery,science fiction,thriller"
"Airline Disaster";"2010";"English";"89";"34.0";"action,adventure,thriller"
"Tangled";"2010";"English";"100";"75.0";"family,animation"
"Incarnate";"2016";"English";"91";"52.0";"horror,thriller"
"Kung Fu Panda 3";"2016";"English";"95";"66.0";"family,action,adventure,comedy,animation"
"Harry Potter and the Deathly Hallows: Part 2";"2011";"English";"130";"80.0";"family,adventure,fantasy"
"11:55";"2017";"English";"80";"50.0";"crime,drama"
"Mission: Impossible";"1996";"English";"110";"67.0";"action,adventure,thriller"
"To the Bone";"2017";"English";"107";"73.0";"drama"
"Vacation";"2015";"English";"99";"61.0";"comedy"
"The Chronicles of Narnia: Prince Caspian";"2008";"English";"150";"63.0";"family,adventure,fantasy"
"Mike and Dave Need Wedding Dates";"2016";"English";"98";"59.0";"comedy"
"Most Likely to Murder";"2018";"English";"99";"67.0";"comedy"
"Atomic Blonde";"2017";"English";"115";"62.0";"mystery,action,thriller"
"How to Be Single";"2016";"English";"110";"60.0";"romance,comedy"
"Murder on the Orient Express";"2017";"English";"114";"67.0";"crime,mystery,drama"
"2001: A Space Odyssey";"1968";"English";"149";"79.0";"mystery,science fiction,adventure"
"American Hustle";"2013";"English";"138";"68.0";"crime,drama"
"Dallas Buyers Club";"2013";"English";"117";"79.0";"history,drama"
"Annabelle";"2014";"English";"99";"55.0";"horror"
"Pirates of the Caribbean: Dead Man's Chest";"2006";"English";"151";"71.0";"action,adventure,fantasy"
"Gone Girl";"2014";"English";"145";"79.0";"mystery,drama,thriller"
"Happy Death Day";"2017";"English";"96";"64.0";"mystery,horror,thriller"
"Spy";"2015";"English";"120";"68.0";"crime,action,comedy"
"The Judge";"2014";"English";"141";"72.0";"drama"
"Kiss and Cry";"2017";"English";"95";"75.0";"romance,music,drama"
"Mary Shelley";"2018";"English";"120";"65.0";"romance,drama"
"Stephanie";"2017";"English";"86";"55.0";"mystery,horror,drama,fantasy"
"The Hobbit: An Unexpected Journey";"2012";"English";"169";"71.0";"action,adventure,fantasy"
"Neighbors";"2014";"English";"96";"62.0";"comedy"
"Status Update";"2018";"English";"106";"69.0";"science fiction,comedy,fantasy"
"Batman & Robin";"1997";"English";"125";"42.0";"action,science fiction,comedy,fantasy"
"Mon Ket";"2018";"French";"0";"60.0";"comedy"
"Insidious: The Last Key";"2018";"English";"118";"60.0";"mystery,horror,thriller"
"Harry Potter and the Order of the Phoenix";"2007";"English";"138";"75.0";"mystery,family,adventure,fantasy"
"Mean Girls";"2004";"English";"97";"70.0";"comedy"
"John Wick: Chapter 2";"2017";"English";"122";"68.0";"crime,action,thriller"
"The Tale";"2018";"English";"114";"83.0";"mystery,thriller,drama"
"Bridesmaids";"2011";"English";"125";"65.0";"romance,comedy"
"American Sniper";"2014";"English";"133";"74.0";"action,war"
"Mayhem";"2017";"English";"86";"66.0";"action,horror,comedy"
"Beast of Burden";"2018";"English";"90";"43.0";"crime,action,thriller,drama"
"Spinning Man";"2018";"English";"100";"57.0";"mystery,drama,thriller"
"The Last Song";"2010";"English";"107";"70.0";"family,romance,drama"
"The Conjuring 2";"2016";"English";"134";"71.0";"mystery,horror,thriller"
"Natural Selection";"2016";"English";"100";"56.0";"drama"
"Star Wars: Episode I - The Phantom Menace";"1999";"English";"136";"64.0";"action,science fiction,adventure"
"Star Wars";"1977";"English";"121";"81.0";"action,science fiction,adventure"
"The Other Woman";"2014";"English";"109";"62.0";"romance,comedy"
"Kickboxer: Retaliation";"2018";"English";"110";"48.0";"action,drama"
"Fishbowl California";"2018";"English";"83";"75.0";"drama,comedy"
"The Equalizer";"2014";"English";"132";"71.0";"crime,action,thriller"
"Chappaquiddick";"2018";"English";"107";"61.0";"thriller,history,drama"
"Hostiles";"2017";"English";"134";"64.0";"western,history,drama"
"Feral";"2018";"English";"90";"52.0";"action,horror,drama,thriller"
"Jurassic Park III";"2001";"English";"92";"58.0";"action,science fiction,adventure,thriller"
"Pitch Perfect 2";"2015";"English";"115";"68.0";"music,comedy"
"Can I Do It Till I Need Glasses?";"1977";"English";"73";"40.0";"comedy"
"Silk";"1986";"English";"84";"51.0";"crime,action,drama"
"Caught";"2017";"English";"0";"57.0";"horror"
"Daddy's Home 2";"2017";"English";"100";"59.0";"comedy"
"Inhumane";"2018";"English";"79";"60.0";"thriller"
"Baywatch";"2017";"English";"116";"60.0";"action,comedy"
"The Edge of Seventeen";"2016";"English";"104";"73.0";"drama,comedy"
"Lane 1974";"2017";"English";"79";"80.0";"adventure,drama"
"Furlough";"2018";"English";"83";"54.0";"comedy"
"Total Recall";"2012";"English";"121";"58.0";"action,science fiction,adventure,thriller"
"Fury";"2014";"English";"135";"74.0";"action,war,drama"
"Pirates of the Caribbean: On Stranger Tides";"2011";"English";"136";"64.0";"action,adventure,fantasy"
"Teenage Mutant Ninja Turtles: Out of the Shadows";"2016";"English";"112";"58.0";"family,action,adventure,fantasy,comedy"
"Dude";"2018";"English";"90";"56.0";"comedy"
"The Secret Life of Pets";"2016";"English";"87";"60.0";"family,adventure,comedy,animation"
"The Cured";"2018";"English";"95";"62.0";"science fiction,horror,drama"
"Twelve Monkeys";"1995";"English";"129";"75.0";"mystery,science fiction,thriller"
"The Amazing Spider-Man";"2012";"English";"136";"65.0";"action,adventure,fantasy"
"The Age of Adaline";"2015";"English";"112";"74.0";"romance,drama,fantasy"
"Hitman";"2007";"English";"89";"59.0";"crime,action,thriller,drama"
"Boyhood";"2014";"English";"164";"75.0";"drama"
"Ellis in Glamourland";"2004";"Dutch; Flemish";"95";"51.0";"comedy,drama"
"Jumanji: Welcome to the Jungle";"2017";"English";"119";"66.0";"action,adventure,comedy,fantasy"
"Gladiator";"2000";"English";"155";"80.0";"action,adventure,drama"
"Disciples";"2014";"English";"90";"22.0";"horror"
"Darkest Hour";"2017";"English";"125";"72.0";"history,drama"
"Rough Night";"2017";"English";"101";"55.0";"comedy,drama"
"Flatliners";"2017";"English";"110";"56.0";"science fiction,drama"
"Suicide Squad";"2016";"English";"124";"59.0";"action,adventure,science fiction,fantasy,crime"
"Moonrise Kingdom";"2012";"English";"94";"76.0";"romance,drama,comedy"
"A Christmas Prince";"2017";"English";"92";"64.0";"romance"
"The Full House";"2018";"French";"0";"58.0";"comedy"
"Nostalgia";"2018";"English";"115";"68.0";"drama"
"The Bye Bye Man";"2017";"English";"96";"51.0";"horror,thriller"
"Tully";"2018";"English";"96";"72.0";"drama,comedy"
"Indiana Jones and the Kingdom of the Crystal Skull";"2008";"English";"122";"58.0";"action,adventure"
"Dear Dictator";"2018";"English";"90";"61.0";"comedy"
"Escape Plan";"2013";"English";"115";"67.0";"action,thriller"
"The Circle";"2017";"English";"110";"54.0";"science fiction,thriller,drama"
"American Ultra";"2015";"English";"96";"60.0";"action,comedy"
"Teenage Mutant Ninja Turtles";"2014";"English";"101";"58.0";"action,adventure,science fiction,fantasy,comedy"
"ID2: Shadwell Army";"2016";"English";"92";"47.0";"crime,drama"
"Insidious";"2010";"English";"103";"68.0";"horror,thriller"
"Taken 3";"2014";"English";"109";"61.0";"action,thriller"
"Snake Outta Compton";"2018";"English";"89";"35.0";"science fiction,horror,comedy"
"Daredevil";"2003";"English";"103";"50.0";"action,thriller,science fiction,fantasy,crime"
"Spider-Man 2";"2004";"English";"127";"68.0";"action,adventure,fantasy"
"Cinderella";"2015";"English";"105";"66.0";"family,romance,drama,fantasy"
"Red Billabong";"2016";"English";"113";"49.0";"action,adventure,thriller"
"The Florida Project";"2017";"English";"111";"74.0";"drama"
"Clash of the Titans";"2010";"English";"106";"57.0";"action,adventure,fantasy"
"Ayla";"2017";"English";"86";"54.0";"horror,drama,thriller,fantasy"
"Costa!";"2001";"Dutch; Flemish";"95";"57.0";"romance,comedy"
"Ghostbusters";"2016";"English";"116";"53.0";"action,comedy,fantasy"
"Ice Age";"2002";"English";"81";"72.0";"family,adventure,comedy,animation"
"LOL";"2012";"English";"97";"60.0";"comedy,romance,drama"
"The Theory of Everything";"2014";"English";"123";"79.0";"romance,drama"
"Jupiter Ascending";"2015";"English";"124";"52.0";"action,science fiction,adventure,fantasy"
"Mission: Impossible - Ghost Protocol";"2011";"English";"133";"68.0";"action,adventure,thriller"
"The Hitman's Bodyguard";"2017";"English";"118";"67.0";"action,comedy"
"The Terminator";"1984";"English";"108";"74.0";"action,science fiction,thriller"
"The Strangers: Prey at Night";"2018";"English";"85";"56.0";"horror,thriller"
"Don't Breathe";"2016";"English";"88";"68.0";"crime,horror,thriller"
"In the Name of Ben Hur";"2016";"English";"90";"52.0";"action"
"Modern Life Is Rubbish";"2018";"English";"0";"80.0";"romance"
"The Heretics";"2017";"English";"0";"70.0";"horror"
"Kung Fu Panda 2";"2011";"English";"91";"67.0";"family,animation"
"Pirates of the Caribbean: The Curse of the Black Pearl";"2003";"English";"143";"76.0";"action,adventure,fantasy"
"47 Ronin";"2013";"English";"119";"59.0";"action,adventure,drama,fantasy"
"Ice Age: Collision Course";"2016";"English";"100";"57.0";"family,adventure,comedy,animation"
"Table 19";"2017";"English";"87";"60.0";"drama,comedy"
"The Lego Movie";"2014";"English";"100";"74.0";"family,adventure,fantasy,comedy,animation"
"Die Another Day";"2002";"English";"133";"58.0";"action,adventure,thriller"
"10 Cloverfield Lane";"2016";"English";"103";"69.0";"science fiction,drama,thriller"
"Elysium";"2013";"English";"109";"64.0";"action,science fiction,thriller,drama"
"The Vow";"2012";"English";"104";"71.0";"romance,drama"
"Transformers: The Last Knight";"2017";"English";"149";"60.0";"action,science fiction,adventure,thriller"
"Good Time";"2017";"English";"101";"70.0";"crime,thriller,drama"
"Ted 2";"2015";"English";"115";"61.0";"comedy"
"Alien: Covenant";"2017";"English";"122";"58.0";"science fiction,horror,thriller"
"Prometheus";"2012";"English";"124";"63.0";"mystery,science fiction,adventure"
"Predators";"2010";"English";"107";"60.0";"action,science fiction,adventure,thriller"
"Harry Potter and the Philosopher's Stone";"2001";"English";"152";"77.0";"family,adventure,fantasy"
"Suburbicon";"2017";"English";"104";"56.0";"crime,mystery,drama,thriller"
"Road";"2017";"English";"91";"52.0";"crime,action,drama"
"The Other Woman";"2018";"French";"84";"48.0";"comedy,drama"
"Gods of Egypt";"2016";"English";"127";"53.0";"action,science fiction,adventure,fantasy"
"Cowboys & Aliens";"2011";"English";"119";"54.0";"western,action,science fiction,thriller"
"M.F.A.";"2017";"English";"93";"63.0";"thriller"
"The Mummy";"2017";"English";"110";"54.0";"action,adventure,thriller,fantasy,horror"
"The Disaster Artist";"2017";"English";"104";"72.0";"history,drama,comedy"
"Don't Talk to Irene";"2017";"English";"90";"68.0";""
"The Post";"2018";"English";"116";"70.0";"history,drama"
"Sicario";"2015";"English";"121";"72.0";"action,thriller,drama,mystery,crime"
"I, Tonya";"2017";"English";"120";"75.0";"drama"
"The Twilight Saga: Eclipse";"2010";"English";"124";"59.0";"adventure,romance,drama,fantasy"
"The House";"2017";"English";"88";"58.0";"comedy"
"Dunkirk";"2017";"English";"107";"74.0";"action,history,thriller,drama,war"
"Lucy";"2014";"English";"89";"62.0";"action,science fiction"
"Super 8";"2011";"English";"112";"66.0";"mystery,science fiction,thriller"
"I Kill Giants";"2018";"English";"106";"62.0";"drama,fantasy"
"Outside In";"2018";"English";"109";"68.0";"drama"
"xXx: Return of Xander Cage";"2017";"English";"107";"56.0";"crime,action,adventure"
"Love, Rosie";"2014";"English";"102";"78.0";"romance,comedy"
"Princess Ka'iulani";"2010";"English";"130";"50.0";"drama"
"Fast Five";"2011";"English";"130";"71.0";"crime,action,thriller"
"The Hunger Games";"2012";"English";"142";"70.0";"science fiction,adventure,fantasy"
"Kingsman: The Secret Service";"2015";"English";"129";"76.0";"crime,action,adventure,comedy"
"Spion van Oranje";"2009";"Dutch; Flemish";"91";"53.0";"comedy"
"The First Time";"2012";"English";"95";"70.0";"comedy,romance,drama"
"The Bourne Legacy";"2012";"English";"135";"60.0";"action,thriller"
"Home";"2015";"English";"94";"68.0";"family,science fiction,fantasy,comedy,animation"
"High Heel Homicide";"2017";"English";"81";"65.0";"thriller"
"Hitman: Agent 47";"2015";"English";"96";"56.0";"crime,action,thriller"
"Americons";"2017";"English";"89";"68.0";"crime,action,drama"
"Total Recall";"1990";"English";"113";"71.0";"action,science fiction,adventure"
"The Twilight Saga: New Moon";"2009";"English";"130";"56.0";"adventure,romance,drama,fantasy"
"The Lego Batman Movie";"2017";"English";"104";"72.0";"action,family,fantasy,comedy,animation"
"The Mist";"2007";"English";"126";"67.0";"science fiction,horror,thriller"
"The Peanuts Movie";"2015";"English";"88";"65.0";"family,adventure,comedy,animation"
"Godzilla";"2014";"English";"123";"61.0";"action,science fiction,drama"
"Terminal";"2018";"English";"90";"56.0";"crime,drama,thriller"
"Transformers: Dark of the Moon";"2011";"English";"154";"60.0";"action,science fiction,adventure"
"Skyfall";"2012";"English";"143";"70.0";"action,adventure,thriller"
"The Layover";"2017";"English";"88";"49.0";"comedy"
"Batman Ninja";"2018";"Japanese";"85";"62.0";"action,animation"
"Insurgent";"2015";"English";"119";"62.0";"action,science fiction,adventure,thriller"
"It Follows";"2014";"English";"100";"65.0";"horror,thriller"
"Only the Brave";"2017";"English";"133";"66.0";"drama"
"Mobile Homes";"2018";"English";"105";"65.0";"drama"
"Saw";"2004";"English";"103";"73.0";"mystery,crime,horror"
"The Fault in Our Stars";"2014";"English";"125";"76.0";"romance,drama"
"Insidious: Chapter 2";"2013";"English";"106";"66.0";"horror,thriller"
"The Longest Ride";"2015";"English";"128";"74.0";"romance,drama"
"Paranormal Activity: The Ghost Dimension";"2015";"English";"88";"51.0";"horror,thriller"
"Terrifier";"2017";"English";"82";"58.0";"horror,thriller"
"Maleficent";"2014";"English";"97";"70.0";"family,action,adventure,romance,fantasy"
"The Twilight Saga: Breaking Dawn - Part 1";"2011";"English";"117";"58.0";"adventure,romance,fantasy"
"Ghost Rider";"2007";"English";"114";"53.0";"action,horror,thriller,fantasy"
"Legend";"2015";"English";"131";"67.0";"crime,thriller"
"The Last Witch Hunter";"2015";"English";"106";"57.0";"action,science fiction,adventure,fantasy"
"Terminator 3: Rise of the Machines";"2003";"English";"109";"59.0";"action,science fiction,thriller"
"The Conjuring";"2013";"English";"112";"74.0";"horror,thriller"
"Game Over, Man!";"2018";"English";"100";"56.0";"action,comedy"
"Ratatouille";"2007";"English";"111";"75.0";"fantasy,family,comedy,animation"
"Non-Stop";"2014";"English";"106";"67.0";"mystery,action,thriller"
"28 Days Later";"2002";"English";"113";"71.0";"science fiction,horror,thriller"
"Indiana Jones and the Last Crusade";"1989";"English";"127";"77.0";"action,adventure"
"Interstellar";"2014";"English";"169";"81.0";"science fiction,adventure,drama"
"Nightcrawler";"2014";"English";"117";"77.0";"crime,thriller,drama"
"The Wake";"2017";"English";"0";"48.0";"horror"
"The Lord of the Rings: The Return of the King";"2003";"English";"201";"83.0";"action,adventure,fantasy"
"The Babysitter";"2017";"English";"85";"60.0";"horror"
"Blackhat";"2015";"English";"133";"52.0";"crime,mystery,drama"
"GoldenEye";"1995";"English";"130";"67.0";"action,adventure,thriller"
"The Feels";"2017";"English";"90";"63.0";"comedy"
"Irreplaceable You";"2018";"English";"96";"71.0";"romance,drama,comedy"
"Monte Carlo";"2011";"English";"109";"61.0";"adventure,romance,comedy"
"Big Hero 6";"2014";"English";"102";"77.0";"family,action,adventure,comedy,animation"
"Batman v Superman: Dawn of Justice";"2016";"English";"151";"58.0";"action,adventure,fantasy"
"The Vanishing of Sidney Hall";"2018";"English";"117";"64.0";"mystery,drama"
"Just a Breath Away";"2018";"French";"90";"61.0";"science fiction"
"Phantom Thread";"2017";"English";"130";"73.0";"romance,drama"
"Candy Jar";"2018";"English";"92";"65.0";"comedy"
"Place publique";"2018";"French";"98";"56.0";"comedy"
"The Expendables";"2010";"English";"103";"60.0";"action,adventure,thriller"
"Before I Fall";"2017";"English";"98";"68.0";"mystery,thriller,drama"
"The Void";"2016";"English";"90";"58.0";"mystery,science fiction,horror"
"Spivak";"2018";"English";"91";"58.0";"comedy"
"A Bad Moms Christmas";"2017";"English";"104";"62.0";"comedy"
"Ouija";"2014";"English";"89";"50.0";"horror"
"Me Before You";"2016";"English";"110";"76.0";"romance,drama"
"Green Lantern";"2011";"English";"114";"51.0";"action,science fiction,adventure,thriller"
"Avengers Grimm: Time Wars";"2018";"English";"88";"50.0";"action,adventure,fantasy"
"The Spearhead Effect";"2017";"English";"90";"75.0";"thriller"
"The Scent of Rain & Lightning";"2018";"English";"100";"53.0";"mystery,western,drama"
"Beauty and the Beast";"1991";"English";"84";"76.0";"family,romance,fantasy,music,animation"
"Day of the Dead: Bloodline";"2018";"English";"90";"41.0";"action,horror"
"Alien¬≥";"1992";"English";"114";"63.0";"action,science fiction,horror"
"Hercules";"2014";"English";"99";"56.0";"action,adventure"
"Superman Returns";"2006";"English";"154";"54.0";"action,science fiction,adventure,fantasy"
"Leatherface";"2017";"English";"88";"51.0";"mystery,horror,thriller"
"It Comes at Night";"2017";"English";"91";"57.0";"mystery,horror,drama,thriller"
"Get Hard";"2015";"English";"100";"59.0";"comedy"
"RoboCop";"2014";"English";"102";"57.0";"action,science fiction"
"Penguins of Madagascar";"2014";"English";"92";"64.0";"family,adventure,comedy,animation"
"The Good Dinosaur";"2015";"English";"93";"67.0";"family,adventure,animation"
"Whiplash";"2014";"English";"105";"83.0";"drama"
"The Gaelic King";"2017";"English";"0";"47.0";"action,fantasy"
"Kung Fu Panda";"2008";"English";"90";"70.0";"family,adventure,comedy,animation"
"Us and Them";"2017";"English";"83";"60.0";"crime,drama,thriller"
"Insidious: Chapter 3";"2015";"English";"97";"62.0";"horror,thriller,drama"
"Ouija: Origin of Evil";"2016";"English";"99";"59.0";"horror,thriller"
"Neighbors 2: Sorority Rising";"2016";"English";"91";"57.0";"comedy"
"The Huntsman: Winter's War";"2016";"English";"114";"61.0";"action,adventure,drama"
"Spider-Man 3";"2007";"English";"139";"60.0";"action,adventure,fantasy"
"The Gift";"2015";"English";"108";"67.0";"mystery,drama,thriller"
"A Cinderella Story: If the Shoe Fits";"2016";"English";"92";"65.0";"family,music,comedy,fantasy"
"Spectre";"2015";"English";"148";"63.0";"crime,action,adventure"
"The Heat";"2013";"English";"117";"66.0";"crime,action,comedy"
"The Magnificent Trio";"1966";"Chinese";"103";"68.0";"action"
"Empire of Lust";"2015";"Korean";"113";"73.0";"romance,history,drama"
"King Arthur: Legend of the Sword";"2017";"English";"126";"65.0";"action,drama,fantasy"
"Submergence";"2018";"English";"112";"58.0";"thriller,romance,drama"
"Star Trek";"2009";"English";"127";"74.0";"action,science fiction,adventure"
"Iron Man 3";"2013";"English";"130";"68.0";"action,science fiction,adventure"
"The Snowman";"2017";"English";"119";"50.0";"crime,horror,thriller,drama"
"A Walk Among the Tombstones";"2014";"English";"113";"62.0";"crime,mystery,thriller,drama"
"Parasites";"2016";"English";"81";"33.0";"action,horror,thriller"
"Amityville: The Awakening";"2017";"English";"85";"52.0";"horror,thriller"
"Respire";"2011";"English";"90";"54.0";"horror,thriller"
"Living Among Us";"2018";"English";"87";"56.0";"science fiction,horror,thriller,fantasy"
"Loving Ibiza";"2013";"Dutch; Flemish";"117";"50.0";"romance,comedy"
"Little Evil";"2017";"English";"94";"57.0";"horror,comedy"
"Night at the Museum: Secret of the Tomb";"2014";"English";"97";"61.0";"family,adventure,comedy,fantasy"
"#realityhigh";"2017";"English";"99";"64.0";"comedy"
"Battleship";"2012";"English";"131";"55.0";"action,science fiction,adventure,thriller"
"Fantastic Four";"2015";"English";"100";"44.0";"action,science fiction,adventure"
"Dear John";"2010";"English";"115";"66.0";"war,romance,drama"
"Cloverfield";"2008";"English";"85";"65.0";"action,science fiction,thriller"
"Easy A";"2010";"English";"92";"68.0";"comedy"
"Batman Begins";"2005";"English";"140";"75.0";"crime,action,drama"
"Terminator 2: Judgment Day";"1991";"English";"137";"78.0";"action,science fiction,thriller"
"Independence Day: Resurgence";"2016";"English";"120";"50.0";"action,science fiction,adventure"
"Signs";"2002";"English";"106";"64.0";"mystery,science fiction,thriller,drama"
"1922";"2017";"English";"101";"60.0";"thriller,drama,mystery,crime,horror"
"Mudbound";"2017";"English";"135";"77.0";"drama"
"The Wolverine";"2013";"English";"126";"63.0";"action,science fiction,adventure,fantasy"
"The Hobbit: The Desolation of Smaug";"2013";"English";"161";"75.0";"adventure,fantasy"
"The Jungle Book";"2016";"English";"106";"68.0";"family,adventure,drama,fantasy,animation"
"Sing";"2016";"English";"108";"69.0";"family,drama,comedy,music,animation"
"Star Trek Into Darkness";"2013";"English";"132";"73.0";"action,science fiction,adventure"
"Forever My Girl";"2018";"English";"104";"72.0";"romance,music,drama"
"Jack Reacher: Never Go Back";"2016";"English";"118";"54.0";"action"
"Inception";"2010";"English";"148";"82.0";"action,adventure,thriller,mystery,science fiction"
"Twilight";"2008";"English";"122";"58.0";"adventure,romance,drama,fantasy"
"Ender's Game";"2013";"English";"114";"66.0";"action,science fiction,adventure"
"Bad Moms";"2016";"English";"100";"64.0";"comedy"
"Fast & Furious 6";"2013";"English";"131";"67.0";"crime,action,thriller"
"Detroit";"2017";"English";"143";"73.0";"crime,thriller,history,drama"
"Power Rangers";"2017";"English";"124";"63.0";"action,science fiction,adventure"
"Life";"2017";"English";"103";"63.0";"science fiction,horror,drama,thriller"
"The Outsider";"2018";"English";"120";"62.0";"crime,mystery,drama"
"The 15:17 to Paris";"2018";"English";"94";"52.0";"thriller,history,drama"
"Fast & Furious";"2009";"English";"107";"65.0";"crime,action,thriller,drama"
"Let the Girls Play";"2018";"French";"90";"48.0";"comedy"
"The Twilight Saga: Breaking Dawn - Part 2";"2012";"English";"115";"61.0";"adventure,romance,drama,fantasy"
"Sinister 2";"2015";"English";"97";"56.0";"horror"
"The Dark Tower";"2017";"English";"95";"56.0";"action,western,science fiction,fantasy,horror"
"The Gunman";"2015";"English";"115";"56.0";"crime,action,drama"
"Brave";"2012";"English";"93";"68.0";"family,action,adventure,fantasy,comedy,animation"
"The Empire Strikes Back";"1980";"English";"124";"83.0";"action,science fiction,adventure"
"In Darkness";"2018";"English";"100";"64.0";"thriller"
"Wild Card";"2015";"English";"92";"54.0";"crime,drama,thriller"
"Devil's Whisper";"2017";"English";"85";"57.0";"horror"
"Jigsaw";"2017";"English";"92";"60.0";"crime,horror,mystery,thriller"
"Man of Steel";"2013";"English";"143";"65.0";"action,science fiction,adventure,fantasy"
"The Lodgers";"2017";"English";"93";"45.0";"thriller,horror,romance,drama"
"Still Alice";"2014";"English";"101";"75.0";"drama"
"Ex Machina";"2015";"English";"108";"76.0";"science fiction,drama"
"Live Free or Die Hard";"2007";"English";"128";"64.0";"action,thriller"
"Super Troopers 2";"2018";"English";"100";"69.0";"comedy"
"The Ritual";"2017";"English";"94";"60.0";"horror"
"The 25th Reich";"2012";"English";"85";"33.0";"action,science fiction,adventure,fantasy"
"The Lullaby";"2017";"English";"86";"63.0";"horror"
"Hacksaw Ridge";"2016";"English";"140";"80.0";"war,history,drama"
"Lone Survivor";"2013";"English";"121";"73.0";"war,action,thriller,drama"
"Alien";"1979";"English";"117";"80.0";"science fiction,horror"
"The Dark Knight";"2008";"English";"152";"83.0";"crime,action,thriller,drama"
"Assassin's Creed";"2016";"English";"115";"54.0";"action,science fiction,adventure"
"When We First Met";"2018";"English";"97";"66.0";"romance,comedy,fantasy"
"Pixels";"2015";"English";"105";"56.0";"action,science fiction,comedy"
"The Boy";"2016";"English";"97";"58.0";"mystery,horror,thriller"
"The Hunger Games: Mockingjay - Part 1";"2014";"English";"123";"67.0";"science fiction,adventure,thriller"
"The Dark Knight Rises";"2012";"English";"165";"76.0";"crime,action,thriller,drama"
"G.I. Joe: Retaliation";"2013";"English";"110";"54.0";"action,science fiction,adventure,thriller"
"Wonder";"2017";"English";"113";"82.0";"family,drama"
"The Mountain Between Us";"2017";"English";"109";"65.0";"romance,adventure,drama"
"Quantum of Solace";"2008";"English";"106";"61.0";"crime,action,adventure,thriller"
"Ghost in the Shell";"2017";"English";"107";"59.0";"action,science fiction,drama,thriller"
"American Made";"2017";"English";"115";"66.0";"action,history,drama,crime,comedy"
"Better Watch Out";"2017";"English";"89";"65.0";"horror,thriller"
"In Orange";"2004";"Dutch; Flemish";"90";"64.0";"family,adventure,drama"
"Hulk";"2003";"English";"138";"53.0";"action,science fiction,drama"
"The Autopsy of Jane Doe";"2016";"English";"86";"65.0";"mystery,horror"
"Office Christmas Party";"2016";"English";"105";"55.0";"comedy"
"Unhinged";"2017";"English";"93";"50.0";"thriller,drama,mystery,crime,horror"
"Sherlock Holmes: A Game of Shadows";"2011";"English";"129";"70.0";"crime,action,mystery,adventure"
"In Search of Fellini";"2017";"English";"93";"53.0";"adventure,drama"
"Closer to God";"2014";"English";"81";"54.0";"science fiction,horror,thriller"
"The Royal Tenenbaums";"2001";"English";"108";"74.0";"drama,comedy"
"Battle of the Drones";"2018";"English";"93";"66.0";"action,science fiction"
"Rolling to You";"2018";"French";"0";"73.0";"romance,comedy"
"The Chronicles of Narnia: The Voyage of the Dawn Treader";"2010";"English";"113";"62.0";"family,adventure,fantasy"
"Having You";"2013";"English";"100";"46.0";"drama"
"Mission: Impossible III";"2006";"English";"126";"65.0";"action,adventure,thriller"
"Afblijven";"2006";"English";"100";"60.0";"crime,family,drama"
"Toy Story 2";"1999";"English";"92";"74.0";"family,comedy,animation"
"John Wick";"2014";"English";"101";"70.0";"action,thriller"
"The Expendables 3";"2014";"English";"127";"61.0";"action,adventure,thriller"
"Chalk It Up";"2016";"English";"90";"48.0";"comedy"
"The Visit";"2015";"English";"94";"61.0";"mystery,horror,thriller"
"Dredd";"2012";"English";"95";"66.0";"action,science fiction"
"Predator";"1987";"English";"107";"73.0";"action,science fiction,adventure,thriller"
"The Transporter Refueled";"2015";"English";"96";"53.0";"crime,action,mystery,thriller"
"Exodus: Gods and Kings";"2014";"English";"150";"56.0";"action,adventure,drama"
"Starship Troopers";"1997";"English";"129";"67.0";"action,science fiction,adventure,thriller"
"Prisoners";"2013";"English";"153";"79.0";"crime,thriller,drama"
"SPF-18";"2017";"English";"75";"45.0";"romance,drama"
"Blockers";"2018";"English";"102";"63.0";"comedy"
"Trainwreck";"2015";"English";"125";"58.0";"romance,comedy"
"The Spectacular Now";"2013";"English";"95";"67.0";"romance,drama,comedy"
"Negative";"2017";"English";"99";"60.0";"drama,thriller"
"From a House on Willow Street";"2017";"English";"90";"51.0";"action,horror"
"Finding Nemo";"2003";"English";"100";"77.0";"family,animation"
"Baby Driver";"2017";"English";"113";"74.0";"crime,action"
"Foxcatcher";"2014";"English";"134";"65.0";"thriller,drama"
"Thoroughbreds";"2018";"English";"92";"67.0";"thriller,drama"
"Pyewacket";"2017";"English";"88";"65.0";"horror,thriller"
"Stay";"2013";"English";"99";"46.0";"drama"
"The Legend of Tarzan";"2016";"English";"109";"57.0";"action,adventure"
"Step Sisters";"2018";"English";"104";"63.0";"comedy"
"Storks";"2016";"English";"87";"66.0";"family,adventure,comedy,animation"
"Veronica";"2017";"Spanish; Castilian";"105";"61.0";"horror,drama"
"Corbin Nash";"2018";"English";"95";"54.0";"action,horror,thriller"
"Fantastic Four";"2005";"English";"106";"56.0";"action,science fiction,adventure,fantasy"
"Taken";"2008";"English";"93";"73.0";"action,thriller"
"The Other Side of the Door";"2016";"English";"96";"53.0";"horror,thriller"
"Goosebumps";"2015";"English";"103";"61.0";"horror,adventure,comedy"
"Rampage";"2018";"English";"107";"59.0";"action,science fiction,adventure"
"The Matrix";"1999";"English";"136";"80.0";"action,science fiction"
"Mom and Dad";"2017";"English";"83";"53.0";"horror,comedy,thriller"
"Into the Woods";"2014";"English";"125";"57.0";"comedy,fantasy"
"The Big Sick";"2017";"English";"120";"75.0";"romance,drama,comedy"
"Star Wars: Episode III - Revenge of the Sith";"2005";"English";"140";"72.0";"action,science fiction,adventure"
"Captain Phillips";"2013";"English";"134";"76.0";"action,thriller,drama"
"X-Men: Dark Phoenix";"2019";"English";"0";"0.0";"action,science fiction"
"Birdman";"2014";"English";"119";"74.0";"comedy,drama"
"First We Take Brooklyn";"2018";"English";"90";"40.0";"crime,drama"
"The Grand Budapest Hotel";"2014";"English";"99";"80.0";"drama,comedy"
"The Wedding Ringer";"2015";"English";"101";"64.0";"comedy"
"The Foreigner";"2017";"English";"113";"68.0";"action,drama,thriller"
"Sinister";"2012";"English";"110";"68.0";"mystery,horror,thriller"
"The Mummy";"1999";"English";"124";"66.0";"action,adventure,fantasy"
"Finding Dory";"2016";"English";"97";"69.0";"family,adventure,comedy,animation"
"Frozen";"2013";"English";"102";"73.0";"family,adventure,animation"
"Cargo";"2018";"English";"105";"64.0";"thriller,drama"
"Brightest Star";"2014";"English";"80";"44.0";"romance,drama,comedy"
"Gifted";"2017";"English";"101";"78.0";"family,comedy,drama"
"Harry Potter and the Deathly Hallows: Part 1";"2010";"English";"146";"76.0";"family,adventure,fantasy"
"6 Balloons";"2018";"English";"75";"60.0";"drama"
"Godzilla";"1998";"English";"139";"54.0";"action,science fiction,thriller"
"Prodigy";"2017";"English";"78";"62.0";"science fiction,drama,thriller"
"Transformers";"2007";"English";"144";"66.0";"action,science fiction,adventure"
"Jurassic Park";"1993";"English";"127";"77.0";"science fiction,adventure"
"Harry Potter and the Prisoner of Azkaban";"2004";"English";"141";"78.0";"family,adventure,fantasy"
"Pacific Rim";"2013";"English";"131";"67.0";"action,science fiction,adventure"
"Snatched";"2017";"English";"90";"52.0";"action,comedy"
"Deliver Us from Evil";"2014";"English";"118";"60.0";"crime,horror,thriller"
"Meet the In-Laws";"2011";"Korean";"118";"66.0";"romance,comedy"
"Gone Are the Days";"2018";"English";"99";"74.0";"western"
"Furious 7";"2015";"English";"137";"72.0";"crime,action,drama,thriller"
"Winchester";"2018";"English";"99";"59.0";"mystery,horror,thriller,fantasy"
"The Man from U.N.C.L.E.";"2015";"English";"116";"71.0";"action,adventure,comedy"
"Tomorrowland";"2015";"English";"130";"61.0";"mystery,family,science fiction,adventure"
"Oblivion";"2013";"English";"124";"65.0";"mystery,action,science fiction,adventure"
"Everybody Knows";"2018";"Spanish; Castilian";"130";"68.0";"drama"
"Dracula Untold";"2014";"English";"92";"62.0";"action,drama,fantasy,horror,war"
"The Princess Diaries";"2001";"English";"115";"65.0";"family,romance,comedy"
"Enemy";"2013";"English";"91";"68.0";"mystery,thriller"
"Rise of the Footsoldier 3";"2017";"English";"99";"79.0";"crime,action,thriller,drama"
"Alex & The List";"2018";"English";"112";"66.0";"romance,comedy"
"Avatar";"2009";"English";"162";"73.0";"action,science fiction,adventure,fantasy"
"Harry Potter and the Chamber of Secrets";"2002";"English";"161";"75.0";"family,adventure,fantasy"
"All the Money in the World";"2017";"English";"132";"63.0";"crime,mystery,drama,thriller"
"Fantastic 4: Rise of the Silver Surfer";"2007";"English";"92";"54.0";"action,adventure,thriller,fantasy"
"Accident Man";"2018";"English";"101";"47.0";"crime,action,thriller"
"The Danish Girl";"2015";"English";"120";"76.0";"drama"
"Thank You for Your Service";"2017";"English";"109";"65.0";"war,drama"
"Rings";"2017";"English";"102";"49.0";"horror"
"Downsizing";"2017";"English";"135";"51.0";"science fiction,drama,comedy"
"Looper";"2012";"English";"118";"67.0";"action,science fiction,thriller"
"Pirates of the Caribbean: At World's End";"2007";"English";"169";"70.0";"action,adventure,fantasy"
"Gray Matter";"2017";"English";"0";"40.0";"science fiction"
"Slumber";"2017";"English";"84";"47.0";"horror"
"Real Steel";"2011";"English";"127";"67.0";"action,science fiction,drama"
"Overdrive";"2017";"English";"93";"60.0";"mystery,action,thriller"
"Marrowbone";"2017";"English";"110";"71.0";"mystery,horror,thriller,drama"
"The Thing";"1982";"English";"109";"79.0";"mystery,science fiction,horror"
"Temple";"2017";"English";"78";"40.0";"horror,history"
"Self/less";"2015";"English";"116";"63.0";"mystery,science fiction,thriller"
"Wind River";"2017";"English";"107";"74.0";"crime,mystery,thriller,drama"
"The 5th Wave";"2016";"English";"112";"57.0";"science fiction,adventure"
"The Bourne Identity";"2002";"English";"119";"73.0";"mystery,action,thriller,drama"
"On the Brain";"2016";"English";"0";"40.0";"crime,horror,thriller"
"Monsters University";"2013";"English";"104";"70.0";"family,animation"
"Chappie";"2015";"English";"120";"67.0";"crime,action,science fiction"
"The Zookeeper's Wife";"2017";"English";"126";"73.0";"history,drama"
"Alien Resurrection";"1997";"English";"109";"60.0";"action,science fiction,horror"
"What Separates Us";"2016";"English";"90";"67.0";"romance,drama"
"Blair Witch";"2016";"English";"90";"50.0";"horror,thriller"
"Get Out";"2017";"English";"104";"74.0";"mystery,horror,thriller"
"The Executioners";"2018";"English";"92";"52.0";"horror,thriller"
"2 Fast 2 Furious";"2003";"English";"107";"62.0";"crime,action,thriller"
"I Feel Pretty";"2018";"English";"111";"63.0";"comedy"
"The Proposal";"2009";"English";"108";"67.0";"romance,drama,comedy"
"How to Train Your Dragon 2";"2014";"English";"102";"76.0";"action,family,adventure,fantasy,comedy,animation"
"Die Hard: With a Vengeance";"1995";"English";"128";"70.0";"action,thriller"
"Warcraft";"2016";"English";"123";"63.0";"action,adventure,animation,fantasy"
"Stuck in Love";"2012";"English";"97";"73.0";"comedy,drama"
"300: Rise of an Empire";"2014";"English";"102";"60.0";"action,war,drama"
"The Lord of the Rings: The Fellowship of the Ring";"2001";"English";"178";"82.0";"action,adventure,fantasy"
"The Mummy Returns";"2001";"English";"130";"61.0";"action,adventure,fantasy"
"Playing for Time";"1980";"English";"150";"74.0";"history,tv movie,music,drama"
"Minority Report";"2002";"English";"145";"72.0";"mystery,action,science fiction,thriller"
"Dirty Deeds";"2005";"English";"87";"57.0";"drama,comedy"
"Hot Pursuit";"2015";"English";"87";"54.0";"crime,action,comedy"
"Lights Out";"2016";"English";"81";"63.0";"mystery,horror,thriller"
"Another Soul";"2018";"English";"78";"43.0";"horror,thriller"
"Return of the Jedi";"1983";"English";"135";"79.0";"action,science fiction,adventure"
"Inside Out";"2015";"English";"94";"79.0";"family,comedy,drama,animation"
"Harry Potter and the Half-Blood Prince";"2009";"English";"153";"75.0";"family,adventure,fantasy"
"X-Men Origins: Wolverine";"2009";"English";"107";"62.0";"action,science fiction,adventure,thriller"
"Blade Runner";"1982";"English";"117";"79.0";"science fiction,thriller,drama"
"Future World";"2018";"English";"88";"52.0";"science fiction"
"The Hollow Child";"2018";"English";"92";"62.0";"horror,thriller"
"Sleight";"2017";"English";"89";"52.0";"action,science fiction,thriller,drama"
"Fantastic Beasts and Where to Find Them";"2016";"English";"133";"73.0";"family,adventure,fantasy"
"Looking Glass";"2018";"English";"103";"45.0";"thriller"
"Jimi Hendrix: Electric Church";"2015";"English";"89";"73.0";"music,documentary"
"Terminator Salvation";"2009";"English";"115";"59.0";"action,science fiction,thriller"
"Dr. Strangelove or: How I Learned to Stop Worrying and Love the Bomb";"1964";"English";"95";"81.0";"war,comedy,drama"
"Die Hard 2";"1990";"English";"124";"67.0";"action,thriller"
"The Honor List";"2018";"English";"0";"78.0";"drama"
"Mulan";"1998";"English";"88";"77.0";"family,adventure,animation"
"Ibiza";"2018";"English";"94";"59.0";"romance,comedy"
"Valerian and the City of a Thousand Planets";"2017";"English";"136";"66.0";"action,science fiction,adventure"
"Star Wars: Episode II - Attack of the Clones";"2002";"English";"142";"64.0";"action,science fiction,adventure"
"White Collar Hooligan 3";"2014";"English";"102";"49.0";"crime"
"Shortwave";"2016";"English";"85";"53.0";"science fiction,thriller"
"Rip Tide";"2017";"English";"0";"59.0";"family,drama"
"Rise of the Planet of the Apes";"2011";"English";"105";"71.0";"action,science fiction,drama,thriller"
"Transformers: Revenge of the Fallen";"2009";"English";"150";"60.0";"action,science fiction,adventure"
"G.I. Joe: The Rise of Cobra";"2009";"English";"118";"56.0";"action,science fiction,adventure,thriller"
"The Darjeeling Limited";"2007";"English";"91";"71.0";"comedy,adventure,drama"
"The Perfect Family";"2011";"English";"84";"47.0";"drama,comedy"
"Home Again";"2017";"English";"97";"58.0";"romance,drama,comedy"
"Casino Royale";"2006";"English";"144";"73.0";"action,adventure,thriller"
"The Hunger Games: Catching Fire";"2013";"English";"146";"74.0";"action,science fiction,adventure"
"The Dark Side of Love";"1984";"Italian";"91";"65.0";"romance,drama"
"The Space Between Us";"2017";"English";"121";"71.0";"science fiction,romance,adventure,drama"
"Lo m√°s sencillo es complicarlo todo";"2018";"Spanish; Castilian";"0";"60.0";"comedy"
"The Witch";"2016";"English";"92";"64.0";"mystery,horror"
"Jack Ryan: Shadow Recruit";"2014";"English";"105";"60.0";"action,thriller,drama"
